id;nom_rue;ville;commun;code_postal;willaya
1;models CFP Franc Human;Quality;Frozen hacking Home Loan Account;synthesizing;navigating Solutions
2;Handcrafted Concrete Chicken Architect South Dakota;Customer supply-chains Corporate;Mandatory Berkshire;Buckinghamshire;methodical
3;Producer;Chair;bypass Developer;Awesome Wooden Table;invoice
4;indexing Ports;China South Georgia and the South Sandwich Islands North Dakota;bypassing;capacitor;circuit hacking
5;interactive;navigate Skyway orchid;Leone Toys Home;Aruban Guilder;reboot National National
6;Soap Orchestrator;program Shoes optical;Rustic Cotton Shoes systemic alarm;Cayman Islands Dollar;Bacon withdrawal
7;bus;azure projection calculating;Texas;invoice Accounts Savings Account;motivating
8;Auto Loan Account Administrator Luxembourg;Awesome clicks-and-mortar;Identity input payment;calculating Cheese payment;Brunei Dollar
9;Garden Identity evolve;Ramp Gloves Metal;Personal Loan Account;payment Dynamic calculating;Advanced
10;Cameroon circuit navigating;virtual;transparent Savings Account Computer;invoice systematic Montana;Fully-configurable
